SQL> select instr('jspiders','s',1,1) from dual;

INSTR('JSPIDERS','S',1,1)                                                                                                                                                                               
-------------------------                                                                                                                                                                               
                        2                                                                                                                                                                               

SQL> select replace(concat(ename,sal),'colname','empdatails') from emp;

REPLACE(CONCAT(ENAME,SAL),'COLNAME','EMPDATAILS')                                                                                                                                                       
--------------------------------------------------------------------------------------------------------------------------------------------------------------------------------------------------------
SMITH800                                                                                                                                                                                                
ALLEN1600                                                                                                                                                                                               
WARD1250                                                                                                                                                                                                
JONES2975                                                                                                                                                                                               
MARTIN1250                                                                                                                                                                                              
BLAKE2850                                                                                                                                                                                               
CLARK2450                                                                                                                                                                                               
SCOTT3000                                                                                                                                                                                               
KING5000                                                                                                                                                                                                
TURNER1500                                                                                                                                                                                              
ADAMS1100                                                                                                                                                                                               
JAMES950                                                                                                                                                                                                
FORD3000                                                                                                                                                                                                
MILLER1300                                                                                                                                                                                              

14 rows selected.

SQL>  select * from emp
  2   where substr(ename,1,1)='A' or substr(ename,1,1)='E' or substr(ename,1,1)='I' or
  3  substr(ename,1,1)='O' or substr(ename,1,1)='U';

     EMPNO ENAME      JOB              MGR HIREDATE         SAL       COMM     DEPTNO                                                                                                                   
---------- ---------- --------- ---------- --------- ---------- ---------- ----------                                                                                                                   
      7499 ALLEN      SALESMAN        7698 20-FEB-81       1600        300         30                                                                                                                   
      7876 ADAMS      CLERK           7788 23-MAY-87       1100                    20                                                                                                                   

SQL> select * from emp
  2  where SUBSTR(ENAME,1,1) IN 'AEIOU';

no rows selected

SQL> select replace('developer','er','ment') from dual;

REPLACE('DE                                                                                                                                                                                             
-----------                                                                                                                                                                                             
development                                                                                                                                                                                             

SQL> select upper(substr(job,-3)) from emp;

UPP                                                                                                                                                                                                     
---                                                                                                                                                                                                     
ERK                                                                                                                                                                                                     
MAN                                                                                                                                                                                                     
MAN                                                                                                                                                                                                     
GER                                                                                                                                                                                                     
MAN                                                                                                                                                                                                     
GER                                                                                                                                                                                                     
GER                                                                                                                                                                                                     
YST                                                                                                                                                                                                     
ENT                                                                                                                                                                                                     
MAN                                                                                                                                                                                                     
ERK                                                                                                                                                                                                     
ERK                                                                                                                                                                                                     
YST                                                                                                                                                                                                     
ERK                                                                                                                                                                                                     

14 rows selected.

SQL> select lower(substr(ename,1,3)) from emp;

LOW                                                                                                                                                                                                     
---                                                                                                                                                                                                     
smi                                                                                                                                                                                                     
all                                                                                                                                                                                                     
war                                                                                                                                                                                                     
jon                                                                                                                                                                                                     
mar                                                                                                                                                                                                     
bla                                                                                                                                                                                                     
cla                                                                                                                                                                                                     
sco                                                                                                                                                                                                     
kin                                                                                                                                                                                                     
tur                                                                                                                                                                                                     
ada                                                                                                                                                                                                     
jam                                                                                                                                                                                                     
for                                                                                                                                                                                                     
mil                                                                                                                                                                                                     

14 rows selected.

SQL> select * from emp
  2  where substr(job,1,3)='man';

no rows selected

SQL> spool off
